PRCP,NUMBER OF PERSONS INJURED
0.32948275862068965,21
0.8421951219512194,39
0.7462745098039216,41
0.31714285714285717,55
0.9347169811320756,55
