SNOW,NUMBER OF PERSONS INJURED
3.7568965517241377,21
3.7902439024390238,39
7.405882352941176,41
10.086792452830188,55
0.03725490196078431,65
